--
-- PostgreSQL database dump
--

-- Dumped from database version 13.1 (Debian 13.1-1.pgdg100+1)
-- Dumped by pg_dump version 13.1 (Debian 13.1-1.pgdg100+1)

SET statement_timeout = 0;
SET lock_timeout = 0;
SET idle_in_transaction_session_timeout = 0;
SET client_encoding = 'UTF8';
SET standard_conforming_strings = on;
SELECT pg_catalog.set_config('search_path', '', false);
SET check_function_bodies = false;
SET xmloption = content;
SET client_min_messages = warning;
SET row_security = off;

SET default_tablespace = '';

SET default_table_access_method = heap;

--
-- Name: AspNetRoleClaims; Type: TABLE; Schema: public; Owner: decreto-dotnet
--

CREATE TABLE public."AspNetRoleClaims" (
    "Id" integer NOT NULL,
    "RoleId" text NOT NULL,
    "ClaimType" text,
    "ClaimValue" text
);


ALTER TABLE public."AspNetRoleClaims" OWNER TO "decreto-dotnet";

--
-- Name: AspNetRoleClaims_Id_seq; Type: SEQUENCE; Schema: public; Owner: decreto-dotnet
--

ALTER TABLE public."AspNetRoleClaims" ALTER COLUMN "Id" ADD GENERATED BY DEFAULT AS IDENTITY (
    SEQUENCE NAME public."AspNetRoleClaims_Id_seq"
    START WITH 1
    INCREMENT BY 1
    NO MINVALUE
    NO MAXVALUE
    CACHE 1
);


--
-- Name: AspNetRoles; Type: TABLE; Schema: public; Owner: decreto-dotnet
--

CREATE TABLE public."AspNetRoles" (
    "Id" text NOT NULL,
    "Name" character varying(256),
    "NormalizedName" character varying(256),
    "ConcurrencyStamp" text
);


ALTER TABLE public."AspNetRoles" OWNER TO "decreto-dotnet";

--
-- Name: AspNetUserClaims; Type: TABLE; Schema: public; Owner: decreto-dotnet
--

CREATE TABLE public."AspNetUserClaims" (
    "Id" integer NOT NULL,
    "UserId" text NOT NULL,
    "ClaimType" text,
    "ClaimValue" text
);


ALTER TABLE public."AspNetUserClaims" OWNER TO "decreto-dotnet";

--
-- Name: AspNetUserClaims_Id_seq; Type: SEQUENCE; Schema: public; Owner: decreto-dotnet
--

ALTER TABLE public."AspNetUserClaims" ALTER COLUMN "Id" ADD GENERATED BY DEFAULT AS IDENTITY (
    SEQUENCE NAME public."AspNetUserClaims_Id_seq"
    START WITH 1
    INCREMENT BY 1
    NO MINVALUE
    NO MAXVALUE
    CACHE 1
);


--
-- Name: AspNetUserLogins; Type: TABLE; Schema: public; Owner: decreto-dotnet
--

CREATE TABLE public."AspNetUserLogins" (
    "LoginProvider" character varying(128) NOT NULL,
    "ProviderKey" character varying(128) NOT NULL,
    "ProviderDisplayName" text,
    "UserId" text NOT NULL
);


ALTER TABLE public."AspNetUserLogins" OWNER TO "decreto-dotnet";

--
-- Name: AspNetUserRoles; Type: TABLE; Schema: public; Owner: decreto-dotnet
--

CREATE TABLE public."AspNetUserRoles" (
    "UserId" text NOT NULL,
    "RoleId" text NOT NULL
);


ALTER TABLE public."AspNetUserRoles" OWNER TO "decreto-dotnet";

--
-- Name: AspNetUserTokens; Type: TABLE; Schema: public; Owner: decreto-dotnet
--

CREATE TABLE public."AspNetUserTokens" (
    "UserId" text NOT NULL,
    "LoginProvider" character varying(128) NOT NULL,
    "Name" character varying(128) NOT NULL,
    "Value" text
);


ALTER TABLE public."AspNetUserTokens" OWNER TO "decreto-dotnet";

--
-- Name: AspNetUsers; Type: TABLE; Schema: public; Owner: decreto-dotnet
--

CREATE TABLE public."AspNetUsers" (
    "Id" text NOT NULL,
    "UserName" character varying(256),
    "NormalizedUserName" character varying(256),
    "Email" character varying(256),
    "NormalizedEmail" character varying(256),
    "EmailConfirmed" boolean NOT NULL,
    "PasswordHash" text,
    "SecurityStamp" text,
    "ConcurrencyStamp" text,
    "PhoneNumber" text,
    "PhoneNumberConfirmed" boolean NOT NULL,
    "TwoFactorEnabled" boolean NOT NULL,
    "LockoutEnd" timestamp with time zone,
    "LockoutEnabled" boolean NOT NULL,
    "AccessFailedCount" integer NOT NULL,
    "FirstName" character varying(100),
    "LastName" character varying(100)
);


ALTER TABLE public."AspNetUsers" OWNER TO "decreto-dotnet";

--
-- Name: __EFMigrationsHistory; Type: TABLE; Schema: public; Owner: decreto-dotnet
--

CREATE TABLE public."__EFMigrationsHistory" (
    "MigrationId" character varying(150) NOT NULL,
    "ProductVersion" character varying(32) NOT NULL
);


ALTER TABLE public."__EFMigrationsHistory" OWNER TO "decreto-dotnet";

--
-- Name: productos_categoria; Type: TABLE; Schema: public; Owner: decreto-dotnet
--

CREATE TABLE public.productos_categoria (
    id integer NOT NULL,
    created timestamp without time zone NOT NULL,
    updated timestamp without time zone NOT NULL,
    nombre character varying(100) NOT NULL
);


ALTER TABLE public.productos_categoria OWNER TO "decreto-dotnet";

--
-- Name: productos_categoria_id_seq; Type: SEQUENCE; Schema: public; Owner: decreto-dotnet
--

ALTER TABLE public.productos_categoria ALTER COLUMN id ADD GENERATED BY DEFAULT AS IDENTITY (
    SEQUENCE NAME public.productos_categoria_id_seq
    START WITH 1
    INCREMENT BY 1
    NO MINVALUE
    NO MAXVALUE
    CACHE 1
);


--
-- Name: productos_certificado; Type: TABLE; Schema: public; Owner: decreto-dotnet
--

CREATE TABLE public.productos_certificado (
    id integer NOT NULL,
    created timestamp without time zone NOT NULL,
    updated timestamp without time zone NOT NULL,
    fecha date NOT NULL,
    uuid uuid NOT NULL,
    observaciones text,
    persona_id integer NOT NULL,
    producto_id integer NOT NULL
);


ALTER TABLE public.productos_certificado OWNER TO "decreto-dotnet";

--
-- Name: productos_certificado_id_seq; Type: SEQUENCE; Schema: public; Owner: decreto-dotnet
--

ALTER TABLE public.productos_certificado ALTER COLUMN id ADD GENERATED BY DEFAULT AS IDENTITY (
    SEQUENCE NAME public.productos_certificado_id_seq
    START WITH 1
    INCREMENT BY 1
    NO MINVALUE
    NO MAXVALUE
    CACHE 1
);


--
-- Name: productos_curso; Type: TABLE; Schema: public; Owner: decreto-dotnet
--

CREATE TABLE public.productos_curso (
    id integer NOT NULL,
    created timestamp without time zone NOT NULL,
    updated timestamp without time zone NOT NULL,
    nombre character varying(100) NOT NULL,
    url character varying(200) NOT NULL,
    estado character varying(1) DEFAULT 'A'::character varying
);


ALTER TABLE public.productos_curso OWNER TO "decreto-dotnet";

--
-- Name: productos_curso_id_seq; Type: SEQUENCE; Schema: public; Owner: decreto-dotnet
--

ALTER TABLE public.productos_curso ALTER COLUMN id ADD GENERATED BY DEFAULT AS IDENTITY (
    SEQUENCE NAME public.productos_curso_id_seq
    START WITH 1
    INCREMENT BY 1
    NO MINVALUE
    NO MAXVALUE
    CACHE 1
);


--
-- Name: productos_persona; Type: TABLE; Schema: public; Owner: decreto-dotnet
--

CREATE TABLE public.productos_persona (
    id integer NOT NULL,
    created timestamp without time zone NOT NULL,
    updated timestamp without time zone NOT NULL,
    tipo_persona character varying(2),
    nombre character varying(100) NOT NULL,
    tipo_identificacion character varying(3),
    numero_identificacion character varying(20),
    correo character varying(254),
    telefono character varying(15)
);


ALTER TABLE public.productos_persona OWNER TO "decreto-dotnet";

--
-- Name: productos_persona_id_seq; Type: SEQUENCE; Schema: public; Owner: decreto-dotnet
--

ALTER TABLE public.productos_persona ALTER COLUMN id ADD GENERATED BY DEFAULT AS IDENTITY (
    SEQUENCE NAME public.productos_persona_id_seq
    START WITH 1
    INCREMENT BY 1
    NO MINVALUE
    NO MAXVALUE
    CACHE 1
);


--
-- Name: productos_producto; Type: TABLE; Schema: public; Owner: decreto-dotnet
--

CREATE TABLE public.productos_producto (
    id integer NOT NULL,
    created timestamp without time zone NOT NULL,
    updated timestamp without time zone NOT NULL,
    nombre character varying(100) NOT NULL,
    url character varying(200),
    estado character varying(1) DEFAULT 'A'::character varying
);


ALTER TABLE public.productos_producto OWNER TO "decreto-dotnet";

--
-- Name: productos_producto_categorias; Type: TABLE; Schema: public; Owner: decreto-dotnet
--

CREATE TABLE public.productos_producto_categorias (
    categoria_id integer NOT NULL,
    producto_id integer NOT NULL
);


ALTER TABLE public.productos_producto_categorias OWNER TO "decreto-dotnet";

--
-- Name: productos_producto_id_seq; Type: SEQUENCE; Schema: public; Owner: decreto-dotnet
--

ALTER TABLE public.productos_producto ALTER COLUMN id ADD GENERATED BY DEFAULT AS IDENTITY (
    SEQUENCE NAME public.productos_producto_id_seq
    START WITH 1
    INCREMENT BY 1
    NO MINVALUE
    NO MAXVALUE
    CACHE 1
);


--
-- Name: productos_solicitudcurso; Type: TABLE; Schema: public; Owner: decreto-dotnet
--

CREATE TABLE public.productos_solicitudcurso (
    id integer NOT NULL,
    created timestamp without time zone NOT NULL,
    updated timestamp without time zone NOT NULL,
    estado character varying(1),
    uuid uuid NOT NULL,
    observaciones text,
    persona_id integer NOT NULL,
    curso_id integer NOT NULL
);


ALTER TABLE public.productos_solicitudcurso OWNER TO "decreto-dotnet";

--
-- Name: productos_solicitudcurso_id_seq; Type: SEQUENCE; Schema: public; Owner: decreto-dotnet
--

ALTER TABLE public.productos_solicitudcurso ALTER COLUMN id ADD GENERATED BY DEFAULT AS IDENTITY (
    SEQUENCE NAME public.productos_solicitudcurso_id_seq
    START WITH 1
    INCREMENT BY 1
    NO MINVALUE
    NO MAXVALUE
    CACHE 1
);


--
-- Name: productos_solicitudproducto; Type: TABLE; Schema: public; Owner: decreto-dotnet
--

CREATE TABLE public.productos_solicitudproducto (
    id integer NOT NULL,
    created timestamp without time zone NOT NULL,
    updated timestamp without time zone NOT NULL,
    estado character varying(1),
    uuid uuid NOT NULL,
    observaciones text,
    persona_id integer NOT NULL,
    producto_id integer NOT NULL
);


ALTER TABLE public.productos_solicitudproducto OWNER TO "decreto-dotnet";

--
-- Name: productos_solicitudproducto_id_seq; Type: SEQUENCE; Schema: public; Owner: decreto-dotnet
--

ALTER TABLE public.productos_solicitudproducto ALTER COLUMN id ADD GENERATED BY DEFAULT AS IDENTITY (
    SEQUENCE NAME public.productos_solicitudproducto_id_seq
    START WITH 1
    INCREMENT BY 1
    NO MINVALUE
    NO MAXVALUE
    CACHE 1
);


--
-- Data for Name: AspNetRoleClaims; Type: TABLE DATA; Schema: public; Owner: decreto-dotnet
--

COPY public."AspNetRoleClaims" ("Id", "RoleId", "ClaimType", "ClaimValue") FROM stdin;
\.


--
-- Data for Name: AspNetRoles; Type: TABLE DATA; Schema: public; Owner: decreto-dotnet
--

COPY public."AspNetRoles" ("Id", "Name", "NormalizedName", "ConcurrencyStamp") FROM stdin;
\.


--
-- Data for Name: AspNetUserClaims; Type: TABLE DATA; Schema: public; Owner: decreto-dotnet
--

COPY public."AspNetUserClaims" ("Id", "UserId", "ClaimType", "ClaimValue") FROM stdin;
\.


--
-- Data for Name: AspNetUserLogins; Type: TABLE DATA; Schema: public; Owner: decreto-dotnet
--

COPY public."AspNetUserLogins" ("LoginProvider", "ProviderKey", "ProviderDisplayName", "UserId") FROM stdin;
\.


--
-- Data for Name: AspNetUserRoles; Type: TABLE DATA; Schema: public; Owner: decreto-dotnet
--

COPY public."AspNetUserRoles" ("UserId", "RoleId") FROM stdin;
\.


--
-- Data for Name: AspNetUserTokens; Type: TABLE DATA; Schema: public; Owner: decreto-dotnet
--

COPY public."AspNetUserTokens" ("UserId", "LoginProvider", "Name", "Value") FROM stdin;
\.


--
-- Data for Name: AspNetUsers; Type: TABLE DATA; Schema: public; Owner: decreto-dotnet
--

COPY public."AspNetUsers" ("Id", "UserName", "NormalizedUserName", "Email", "NormalizedEmail", "EmailConfirmed", "PasswordHash", "SecurityStamp", "ConcurrencyStamp", "PhoneNumber", "PhoneNumberConfirmed", "TwoFactorEnabled", "LockoutEnd", "LockoutEnabled", "AccessFailedCount", "FirstName", "LastName") FROM stdin;
90efbffd-36bf-4bf6-b866-d0b63bbd6cb3	admin@admin.com	ADMIN@ADMIN.COM	admin@admin.com	ADMIN@ADMIN.COM	f	AQAAAAEAACcQAAAAELZCj1NUjQJyCs/0ALeHJxJ36OmWYEat5nyWhqS8C8mtnuXo47RZ7MLscxiXdvCxbQ==	AF4DOBT24DNM2F7XF7WDGER2WJNRUNHE	2007a5da-1e40-4ff1-9e60-0510aba891d4	\N	f	f	\N	t	0	cosito	cosito
8122b052-e96e-4f21-82f1-3c186a2566f5	icnovaro@gmail.com	ICNOVARO@GMAIL.COM	icnovaro@gmail.com	ICNOVARO@GMAIL.COM	f	AQAAAAEAACcQAAAAEA69DPXcZGxBZy5WM7PWvl+oSfk4Snz35EGkQvgkXBrCZttONmbuFdfOcqMRpiz+CA==	LDF6O7T2EPCCEGFEHSIU7M34L6KY6XRP	e0d4dbed-f916-440b-a4e4-61d93417262d	\N	f	f	\N	t	0	Ivan	Casanova
\.


--
-- Data for Name: __EFMigrationsHistory; Type: TABLE DATA; Schema: public; Owner: decreto-dotnet
--

COPY public."__EFMigrationsHistory" ("MigrationId", "ProductVersion") FROM stdin;
20201128041531_InicialMigrate	3.1.10
20201202155423_Initial Auth Migrate	3.1.10
\.


--
-- Data for Name: productos_categoria; Type: TABLE DATA; Schema: public; Owner: decreto-dotnet
--

COPY public.productos_categoria (id, created, updated, nombre) FROM stdin;
\.


--
-- Data for Name: productos_certificado; Type: TABLE DATA; Schema: public; Owner: decreto-dotnet
--

COPY public.productos_certificado (id, created, updated, fecha, uuid, observaciones, persona_id, producto_id) FROM stdin;
1	0001-01-01 00:00:00	0001-01-01 00:00:00	2020-12-01	d8c7697f-e728-441d-9a74-f02231e56999	\N	1	2
2	0001-01-01 00:00:00	0001-01-01 00:00:00	2020-12-01	e0621467-784b-4d52-908c-d93b7a373551	\N	1	2
3	0001-01-01 00:00:00	0001-01-01 00:00:00	2020-12-01	d574dc65-7b5e-4ad7-b637-6a647e885f9d	\N	1	2
4	0001-01-01 00:00:00	0001-01-01 00:00:00	2020-12-01	8579d2f2-d7c5-4c77-b69e-759724712bb0	\N	1	2
5	0001-01-01 00:00:00	0001-01-01 00:00:00	2020-12-01	d44ada37-b627-4f4a-99ba-cc9960a79aaf	\N	1	2
6	0001-01-01 00:00:00	0001-01-01 00:00:00	2020-12-01	92e4f7b5-67af-4d3c-a4dd-fa4ba4523fd4	\N	1	2
7	0001-01-01 00:00:00	0001-01-01 00:00:00	2020-12-02	5c7ea0d7-c962-41b3-a57b-d060d55d9a1d	\N	1	2
8	0001-01-01 00:00:00	0001-01-01 00:00:00	2020-12-02	58723ffb-5c52-4bf8-a850-33f570377071	\N	1	2
9	0001-01-01 00:00:00	0001-01-01 00:00:00	2020-12-02	a6164ced-aaae-4aa2-8e11-bf9d529b8bf7	\N	1	2
10	0001-01-01 00:00:00	0001-01-01 00:00:00	2020-12-02	5d603f90-8019-480f-b1b8-1f28f80df857	\N	1	2
11	0001-01-01 00:00:00	0001-01-01 00:00:00	2020-12-02	f07406fd-cfa1-450b-b364-fb45a32a3766	\N	1	2
12	0001-01-01 00:00:00	0001-01-01 00:00:00	2020-12-02	38bd2a46-79a5-47db-80a5-d4b5eccdbda4	\N	1	2
13	0001-01-01 00:00:00	0001-01-01 00:00:00	2020-12-02	36708edb-cd78-45cf-b903-15e01fee762a	\N	1	2
14	0001-01-01 00:00:00	0001-01-01 00:00:00	2020-12-02	6dd7a317-fb13-477b-97fe-e8f5002a5774	\N	1	2
15	0001-01-01 00:00:00	0001-01-01 00:00:00	2020-12-02	7d800b9e-38f1-4d21-bfb7-b8ba6029d230	\N	1	2
16	0001-01-01 00:00:00	0001-01-01 00:00:00	2020-12-02	463aee33-4f9b-4ece-9fe9-d75f99ed7cfe	\N	1	2
17	0001-01-01 00:00:00	0001-01-01 00:00:00	2020-12-02	7a9321a6-7f0d-4edf-aa6b-875fee8075b9	\N	1	2
18	0001-01-01 00:00:00	0001-01-01 00:00:00	2020-12-02	479409ca-adc2-4057-9cbc-a0ce8c34342b	\N	1	2
19	0001-01-01 00:00:00	0001-01-01 00:00:00	2020-12-02	ff44c464-8d83-4432-ad73-7cd22f676d2c	\N	1	2
20	0001-01-01 00:00:00	0001-01-01 00:00:00	2020-12-09	acdd14a0-9b2d-48c6-8d30-c4ebfcddb584	\N	1	2
21	0001-01-01 00:00:00	0001-01-01 00:00:00	2020-12-10	f73b9957-47ed-48ba-94c6-b97188d5927f	\N	1	2
22	0001-01-01 00:00:00	0001-01-01 00:00:00	2020-12-10	65808dcc-64af-4409-9a08-3f35a3a77aa2	\N	1	2
\.


--
-- Data for Name: productos_curso; Type: TABLE DATA; Schema: public; Owner: decreto-dotnet
--

COPY public.productos_curso (id, created, updated, nombre, url, estado) FROM stdin;
1	0001-01-01 00:00:00	0001-01-01 00:00:00	curso de prueba	dklsldsds	A
2	0001-01-01 00:00:00	0001-01-01 00:00:00	Prueba2	sdafsd	A
5	2020-12-13 20:23:24.236994	2020-12-13 20:23:24.238055	curso de prueba	prueba.com	N
4	2020-12-13 22:35:40.122135	2020-12-13 20:24:48.942606	prueba	www.google.com	A
\.


--
-- Data for Name: productos_persona; Type: TABLE DATA; Schema: public; Owner: decreto-dotnet
--

COPY public.productos_persona (id, created, updated, tipo_persona, nombre, tipo_identificacion, numero_identificacion, correo, telefono) FROM stdin;
1	0001-01-01 00:00:00	0001-01-01 00:00:00	N	Iván	CC	123123	icnovaro@gmail.com	3424234
2	0001-01-01 00:00:00	0001-01-01 00:00:00	N	Costo	CC	12334	icnovaro@gmail.com.co	23424234
3	0001-01-01 00:00:00	0001-01-01 00:00:00	N	Pepito	CC	\N	pepito@gmail.com	32020202
4	0001-01-01 00:00:00	0001-01-01 00:00:00	N	pepito	CC	23123123	icnovaro@gmail.com	234134
5	0001-01-01 00:00:00	0001-01-01 00:00:00	N	Pepito	CC	2313123	icnovaro@gmail.com	3424234234
6	0001-01-01 00:00:00	0001-01-01 00:00:00	N	Pepito	CC	423434	coso@gmail.com	3424234
9	0001-01-01 00:00:00	0001-01-01 00:00:00	N	Alvaraco	CC	22222222	auc@gmail.com	321123123
10	0001-01-01 00:00:00	0001-01-01 00:00:00	N	yasuri	CC	55555555	yasuri@gmail.com	3242423423
11	0001-01-01 00:00:00	0001-01-01 00:00:00	J	Coso	NIT	312332	icos@gmail.com	324234324
\.


--
-- Data for Name: productos_producto; Type: TABLE DATA; Schema: public; Owner: decreto-dotnet
--

COPY public.productos_producto (id, created, updated, nombre, url, estado) FROM stdin;
4	0001-01-01 00:00:00	0001-01-01 00:00:00	memexel	www.google.com	A
1	0001-01-01 00:00:00	0001-01-01 00:00:00	excelito 123	excel.com	A
5	0001-01-01 00:00:00	0001-01-01 00:00:00	Iván	www.adobe.com	N
7	0001-01-01 00:00:00	0001-01-01 00:00:00	Iván	www.adobe.com	N
8	0001-01-01 00:00:00	0001-01-01 00:00:00	Iván	www.adobe.com	N
9	0001-01-01 00:00:00	0001-01-01 00:00:00	Iván	www.adobe.com	N
10	0001-01-01 00:00:00	0001-01-01 00:00:00	Adobe Creative	www.adobe.com	N
11	0001-01-01 00:00:00	0001-01-01 00:00:00	Adobe Reader	www.adobe.com	N
6	0001-01-01 00:00:00	0001-01-01 00:00:00	Adobe Fusion	www.adobe.com	N
12	0001-01-01 00:00:00	0001-01-01 00:00:00	Prueba diciembre	www.google.com	N
13	0001-01-01 00:00:00	0001-01-01 00:00:00	prueba dic	www.google.com	N
14	0001-01-01 00:00:00	0001-01-01 00:00:00	prueba dic	www.google.com	N
15	0001-01-01 00:00:00	0001-01-01 00:00:00	prueba	prueba.com	N
16	0001-01-01 00:00:00	0001-01-01 00:00:00	prueba	www.prueba.com	N
19	0001-01-01 00:00:00	0001-01-01 00:00:00	lapaz	www.lapaz.com	N
20	0001-01-01 00:00:00	0001-01-01 00:00:00	lagile	www.lagile.com	N
21	0001-01-01 00:00:00	0001-01-01 00:00:00	cosito	www.cosito.com	N
22	0001-01-01 00:00:00	0001-01-01 00:00:00	jiji	jiji.com	N
23	0001-01-01 00:00:00	0001-01-01 00:00:00	cafe	www.cafe.com	N
25	0001-01-01 00:00:00	0001-01-01 00:00:00	windows	www.windows.com	A
24	0001-01-01 00:00:00	0001-01-01 00:00:00	hola	www.hola.com	A
2	0001-01-01 00:00:00	2020-12-10 10:03:34.707074	excelitoc	www.google.com	A
3	0001-01-01 00:00:00	2020-12-10 10:04:12.132507	exceliton	www.google.com	A
26	0001-01-01 00:00:00	0001-01-01 00:00:00	cualquiera	cualquiera	N
27	2020-12-10 11:30:27.861376	2020-12-10 11:31:16.07928	holamndo	holamundo.com	N
28	2020-12-10 11:35:33.780155	2020-12-10 11:35:50.912012	manimoto	manimoto.com	N
29	2020-12-10 13:46:37.739813	2020-12-13 20:14:55.471348	NuevoPrueba	www.nuevo-prueba.com	A
\.


--
-- Data for Name: productos_producto_categorias; Type: TABLE DATA; Schema: public; Owner: decreto-dotnet
--

COPY public.productos_producto_categorias (categoria_id, producto_id) FROM stdin;
\.


--
-- Data for Name: productos_solicitudcurso; Type: TABLE DATA; Schema: public; Owner: decreto-dotnet
--

COPY public.productos_solicitudcurso (id, created, updated, estado, uuid, observaciones, persona_id, curso_id) FROM stdin;
3	2020-12-13 20:23:24.255457	2020-12-13 20:23:24.255459	P	b1998b53-613b-4ebf-bff1-e8472c083beb	\N	11	5
2	2020-12-13 20:24:48.934404	2020-12-13 20:24:48.9344	A	dfcb4c57-f584-49e3-b255-215d48daf2e0	\N	1	4
\.


--
-- Data for Name: productos_solicitudproducto; Type: TABLE DATA; Schema: public; Owner: decreto-dotnet
--

COPY public.productos_solicitudproducto (id, created, updated, estado, uuid, observaciones, persona_id, producto_id) FROM stdin;
1	0001-01-01 00:00:00	0001-01-01 00:00:00	P	0873a879-e0eb-40fb-95d9-c89c5242de5f	\N	1	5
5	0001-01-01 00:00:00	0001-01-01 00:00:00	P	e6437ef8-b30b-4928-a369-2dc258290ae6	\N	1	9
7	0001-01-01 00:00:00	0001-01-01 00:00:00	P	febf7ea8-92fc-4ffe-9d57-6839e6c52bf9	\N	1	11
8	0001-01-01 00:00:00	0001-01-01 00:00:00	P	db221757-f7d5-46cb-897f-b7d820518b4c	\N	9	19
9	0001-01-01 00:00:00	0001-01-01 00:00:00	P	3ae5c315-ed6a-4890-a211-3ed1cfe765a8	\N	10	20
10	0001-01-01 00:00:00	0001-01-01 00:00:00	P	d3e940e6-114e-468e-993e-408d747e3c67	\N	1	21
11	0001-01-01 00:00:00	0001-01-01 00:00:00	P	f7b5f7b0-5259-4d2d-b417-a4a070933893	\N	1	22
12	0001-01-01 00:00:00	0001-01-01 00:00:00	P	a3336a0a-ed4f-414e-9b15-3116d98a6c45	\N	1	23
15	0001-01-01 00:00:00	0001-01-01 00:00:00	P	2177b08d-2241-43b7-8aee-473d93733e82	\N	1	26
16	0001-01-01 00:00:00	2020-12-10 11:31:16.051651	P	f086ff8f-53b3-4f5c-9eb4-5e4c6293ae57	dfdf	1	27
17	0001-01-01 00:00:00	2020-12-10 11:35:50.880515	P	275c36c9-e7da-4644-b79a-3817f19dbdfd	hola	1	28
18	0001-01-01 00:00:00	2020-12-13 20:14:55.445442	A	b88f8eb5-6058-4bfc-922a-4fe09f6b02d0	\N	1	29
\.


--
-- Name: AspNetRoleClaims_Id_seq; Type: SEQUENCE SET; Schema: public; Owner: decreto-dotnet
--

SELECT pg_catalog.setval('public."AspNetRoleClaims_Id_seq"', 1, false);


--
-- Name: AspNetUserClaims_Id_seq; Type: SEQUENCE SET; Schema: public; Owner: decreto-dotnet
--

SELECT pg_catalog.setval('public."AspNetUserClaims_Id_seq"', 1, false);


--
-- Name: productos_categoria_id_seq; Type: SEQUENCE SET; Schema: public; Owner: decreto-dotnet
--

SELECT pg_catalog.setval('public.productos_categoria_id_seq', 1, false);


--
-- Name: productos_certificado_id_seq; Type: SEQUENCE SET; Schema: public; Owner: decreto-dotnet
--

SELECT pg_catalog.setval('public.productos_certificado_id_seq', 22, true);


--
-- Name: productos_curso_id_seq; Type: SEQUENCE SET; Schema: public; Owner: decreto-dotnet
--

SELECT pg_catalog.setval('public.productos_curso_id_seq', 37, true);


--
-- Name: productos_persona_id_seq; Type: SEQUENCE SET; Schema: public; Owner: decreto-dotnet
--

SELECT pg_catalog.setval('public.productos_persona_id_seq', 43, true);


--
-- Name: productos_producto_id_seq; Type: SEQUENCE SET; Schema: public; Owner: decreto-dotnet
--

SELECT pg_catalog.setval('public.productos_producto_id_seq', 29, true);


--
-- Name: productos_solicitudcurso_id_seq; Type: SEQUENCE SET; Schema: public; Owner: decreto-dotnet
--

SELECT pg_catalog.setval('public.productos_solicitudcurso_id_seq', 35, true);


--
-- Name: productos_solicitudproducto_id_seq; Type: SEQUENCE SET; Schema: public; Owner: decreto-dotnet
--

SELECT pg_catalog.setval('public.productos_solicitudproducto_id_seq', 18, true);


--
-- Name: AspNetRoleClaims PK_AspNetRoleClaims; Type: CONSTRAINT; Schema: public; Owner: decreto-dotnet
--

ALTER TABLE ONLY public."AspNetRoleClaims"
    ADD CONSTRAINT "PK_AspNetRoleClaims" PRIMARY KEY ("Id");


--
-- Name: AspNetRoles PK_AspNetRoles; Type: CONSTRAINT; Schema: public; Owner: decreto-dotnet
--

ALTER TABLE ONLY public."AspNetRoles"
    ADD CONSTRAINT "PK_AspNetRoles" PRIMARY KEY ("Id");


--
-- Name: AspNetUserClaims PK_AspNetUserClaims; Type: CONSTRAINT; Schema: public; Owner: decreto-dotnet
--

ALTER TABLE ONLY public."AspNetUserClaims"
    ADD CONSTRAINT "PK_AspNetUserClaims" PRIMARY KEY ("Id");


--
-- Name: AspNetUserLogins PK_AspNetUserLogins; Type: CONSTRAINT; Schema: public; Owner: decreto-dotnet
--

ALTER TABLE ONLY public."AspNetUserLogins"
    ADD CONSTRAINT "PK_AspNetUserLogins" PRIMARY KEY ("LoginProvider", "ProviderKey");


--
-- Name: AspNetUserRoles PK_AspNetUserRoles; Type: CONSTRAINT; Schema: public; Owner: decreto-dotnet
--

ALTER TABLE ONLY public."AspNetUserRoles"
    ADD CONSTRAINT "PK_AspNetUserRoles" PRIMARY KEY ("UserId", "RoleId");


--
-- Name: AspNetUserTokens PK_AspNetUserTokens; Type: CONSTRAINT; Schema: public; Owner: decreto-dotnet
--

ALTER TABLE ONLY public."AspNetUserTokens"
    ADD CONSTRAINT "PK_AspNetUserTokens" PRIMARY KEY ("UserId", "LoginProvider", "Name");


--
-- Name: AspNetUsers PK_AspNetUsers; Type: CONSTRAINT; Schema: public; Owner: decreto-dotnet
--

ALTER TABLE ONLY public."AspNetUsers"
    ADD CONSTRAINT "PK_AspNetUsers" PRIMARY KEY ("Id");


--
-- Name: __EFMigrationsHistory PK___EFMigrationsHistory; Type: CONSTRAINT; Schema: public; Owner: decreto-dotnet
--

ALTER TABLE ONLY public."__EFMigrationsHistory"
    ADD CONSTRAINT "PK___EFMigrationsHistory" PRIMARY KEY ("MigrationId");


--
-- Name: productos_categoria PK_productos_categoria; Type: CONSTRAINT; Schema: public; Owner: decreto-dotnet
--

ALTER TABLE ONLY public.productos_categoria
    ADD CONSTRAINT "PK_productos_categoria" PRIMARY KEY (id);


--
-- Name: productos_certificado PK_productos_certificado; Type: CONSTRAINT; Schema: public; Owner: decreto-dotnet
--

ALTER TABLE ONLY public.productos_certificado
    ADD CONSTRAINT "PK_productos_certificado" PRIMARY KEY (id);


--
-- Name: productos_curso PK_productos_curso; Type: CONSTRAINT; Schema: public; Owner: decreto-dotnet
--

ALTER TABLE ONLY public.productos_curso
    ADD CONSTRAINT "PK_productos_curso" PRIMARY KEY (id);


--
-- Name: productos_persona PK_productos_persona; Type: CONSTRAINT; Schema: public; Owner: decreto-dotnet
--

ALTER TABLE ONLY public.productos_persona
    ADD CONSTRAINT "PK_productos_persona" PRIMARY KEY (id);


--
-- Name: productos_producto PK_productos_producto; Type: CONSTRAINT; Schema: public; Owner: decreto-dotnet
--

ALTER TABLE ONLY public.productos_producto
    ADD CONSTRAINT "PK_productos_producto" PRIMARY KEY (id);


--
-- Name: productos_producto_categorias PK_productos_producto_categorias; Type: CONSTRAINT; Schema: public; Owner: decreto-dotnet
--

ALTER TABLE ONLY public.productos_producto_categorias
    ADD CONSTRAINT "PK_productos_producto_categorias" PRIMARY KEY (producto_id, categoria_id);


--
-- Name: productos_solicitudcurso PK_productos_solicitudcurso; Type: CONSTRAINT; Schema: public; Owner: decreto-dotnet
--

ALTER TABLE ONLY public.productos_solicitudcurso
    ADD CONSTRAINT "PK_productos_solicitudcurso" PRIMARY KEY (id);


--
-- Name: productos_solicitudproducto PK_productos_solicitudproducto; Type: CONSTRAINT; Schema: public; Owner: decreto-dotnet
--

ALTER TABLE ONLY public.productos_solicitudproducto
    ADD CONSTRAINT "PK_productos_solicitudproducto" PRIMARY KEY (id);


--
-- Name: EmailIndex; Type: INDEX; Schema: public; Owner: decreto-dotnet
--

CREATE INDEX "EmailIndex" ON public."AspNetUsers" USING btree ("NormalizedEmail");


--
-- Name: IX_AspNetRoleClaims_RoleId; Type: INDEX; Schema: public; Owner: decreto-dotnet
--

CREATE INDEX "IX_AspNetRoleClaims_RoleId" ON public."AspNetRoleClaims" USING btree ("RoleId");


--
-- Name: IX_AspNetUserClaims_UserId; Type: INDEX; Schema: public; Owner: decreto-dotnet
--

CREATE INDEX "IX_AspNetUserClaims_UserId" ON public."AspNetUserClaims" USING btree ("UserId");


--
-- Name: IX_AspNetUserLogins_UserId; Type: INDEX; Schema: public; Owner: decreto-dotnet
--

CREATE INDEX "IX_AspNetUserLogins_UserId" ON public."AspNetUserLogins" USING btree ("UserId");


--
-- Name: IX_AspNetUserRoles_RoleId; Type: INDEX; Schema: public; Owner: decreto-dotnet
--

CREATE INDEX "IX_AspNetUserRoles_RoleId" ON public."AspNetUserRoles" USING btree ("RoleId");


--
-- Name: IX_productos_certificado_persona_id; Type: INDEX; Schema: public; Owner: decreto-dotnet
--

CREATE INDEX "IX_productos_certificado_persona_id" ON public.productos_certificado USING btree (persona_id);


--
-- Name: IX_productos_certificado_producto_id; Type: INDEX; Schema: public; Owner: decreto-dotnet
--

CREATE INDEX "IX_productos_certificado_producto_id" ON public.productos_certificado USING btree (producto_id);


--
-- Name: IX_productos_certificado_uuid; Type: INDEX; Schema: public; Owner: decreto-dotnet
--

CREATE UNIQUE INDEX "IX_productos_certificado_uuid" ON public.productos_certificado USING btree (uuid);


--
-- Name: IX_productos_persona_numero_identificacion; Type: INDEX; Schema: public; Owner: decreto-dotnet
--

CREATE UNIQUE INDEX "IX_productos_persona_numero_identificacion" ON public.productos_persona USING btree (numero_identificacion);


--
-- Name: IX_productos_producto_categorias_categoria_id; Type: INDEX; Schema: public; Owner: decreto-dotnet
--

CREATE INDEX "IX_productos_producto_categorias_categoria_id" ON public.productos_producto_categorias USING btree (categoria_id);


--
-- Name: IX_productos_solicitudcurso_curso_id; Type: INDEX; Schema: public; Owner: decreto-dotnet
--

CREATE INDEX "IX_productos_solicitudcurso_curso_id" ON public.productos_solicitudcurso USING btree (curso_id);


--
-- Name: IX_productos_solicitudcurso_persona_id; Type: INDEX; Schema: public; Owner: decreto-dotnet
--

CREATE INDEX "IX_productos_solicitudcurso_persona_id" ON public.productos_solicitudcurso USING btree (persona_id);


--
-- Name: IX_productos_solicitudcurso_uuid; Type: INDEX; Schema: public; Owner: decreto-dotnet
--

CREATE UNIQUE INDEX "IX_productos_solicitudcurso_uuid" ON public.productos_solicitudcurso USING btree (uuid);


--
-- Name: IX_productos_solicitudproducto_persona_id; Type: INDEX; Schema: public; Owner: decreto-dotnet
--

CREATE INDEX "IX_productos_solicitudproducto_persona_id" ON public.productos_solicitudproducto USING btree (persona_id);


--
-- Name: IX_productos_solicitudproducto_producto_id; Type: INDEX; Schema: public; Owner: decreto-dotnet
--

CREATE INDEX "IX_productos_solicitudproducto_producto_id" ON public.productos_solicitudproducto USING btree (producto_id);


--
-- Name: IX_productos_solicitudproducto_uuid; Type: INDEX; Schema: public; Owner: decreto-dotnet
--

CREATE UNIQUE INDEX "IX_productos_solicitudproducto_uuid" ON public.productos_solicitudproducto USING btree (uuid);


--
-- Name: RoleNameIndex; Type: INDEX; Schema: public; Owner: decreto-dotnet
--

CREATE UNIQUE INDEX "RoleNameIndex" ON public."AspNetRoles" USING btree ("NormalizedName");


--
-- Name: UserNameIndex; Type: INDEX; Schema: public; Owner: decreto-dotnet
--

CREATE UNIQUE INDEX "UserNameIndex" ON public."AspNetUsers" USING btree ("NormalizedUserName");


--
-- Name: AspNetRoleClaims FK_AspNetRoleClaims_AspNetRoles_RoleId; Type: FK CONSTRAINT; Schema: public; Owner: decreto-dotnet
--

ALTER TABLE ONLY public."AspNetRoleClaims"
    ADD CONSTRAINT "FK_AspNetRoleClaims_AspNetRoles_RoleId" FOREIGN KEY ("RoleId") REFERENCES public."AspNetRoles"("Id") ON DELETE CASCADE;


--
-- Name: AspNetUserClaims FK_AspNetUserClaims_AspNetUsers_UserId; Type: FK CONSTRAINT; Schema: public; Owner: decreto-dotnet
--

ALTER TABLE ONLY public."AspNetUserClaims"
    ADD CONSTRAINT "FK_AspNetUserClaims_AspNetUsers_UserId" FOREIGN KEY ("UserId") REFERENCES public."AspNetUsers"("Id") ON DELETE CASCADE;


--
-- Name: AspNetUserLogins FK_AspNetUserLogins_AspNetUsers_UserId; Type: FK CONSTRAINT; Schema: public; Owner: decreto-dotnet
--

ALTER TABLE ONLY public."AspNetUserLogins"
    ADD CONSTRAINT "FK_AspNetUserLogins_AspNetUsers_UserId" FOREIGN KEY ("UserId") REFERENCES public."AspNetUsers"("Id") ON DELETE CASCADE;


--
-- Name: AspNetUserRoles FK_AspNetUserRoles_AspNetRoles_RoleId; Type: FK CONSTRAINT; Schema: public; Owner: decreto-dotnet
--

ALTER TABLE ONLY public."AspNetUserRoles"
    ADD CONSTRAINT "FK_AspNetUserRoles_AspNetRoles_RoleId" FOREIGN KEY ("RoleId") REFERENCES public."AspNetRoles"("Id") ON DELETE CASCADE;


--
-- Name: AspNetUserRoles FK_AspNetUserRoles_AspNetUsers_UserId; Type: FK CONSTRAINT; Schema: public; Owner: decreto-dotnet
--

ALTER TABLE ONLY public."AspNetUserRoles"
    ADD CONSTRAINT "FK_AspNetUserRoles_AspNetUsers_UserId" FOREIGN KEY ("UserId") REFERENCES public."AspNetUsers"("Id") ON DELETE CASCADE;


--
-- Name: AspNetUserTokens FK_AspNetUserTokens_AspNetUsers_UserId; Type: FK CONSTRAINT; Schema: public; Owner: decreto-dotnet
--

ALTER TABLE ONLY public."AspNetUserTokens"
    ADD CONSTRAINT "FK_AspNetUserTokens_AspNetUsers_UserId" FOREIGN KEY ("UserId") REFERENCES public."AspNetUsers"("Id") ON DELETE CASCADE;


--
-- Name: productos_certificado FK_productos_certificado_productos_persona_persona_id; Type: FK CONSTRAINT; Schema: public; Owner: decreto-dotnet
--

ALTER TABLE ONLY public.productos_certificado
    ADD CONSTRAINT "FK_productos_certificado_productos_persona_persona_id" FOREIGN KEY (persona_id) REFERENCES public.productos_persona(id) ON DELETE CASCADE;


--
-- Name: productos_certificado FK_productos_certificado_productos_producto_producto_id; Type: FK CONSTRAINT; Schema: public; Owner: decreto-dotnet
--

ALTER TABLE ONLY public.productos_certificado
    ADD CONSTRAINT "FK_productos_certificado_productos_producto_producto_id" FOREIGN KEY (producto_id) REFERENCES public.productos_producto(id) ON DELETE CASCADE;


--
-- Name: productos_producto_categorias FK_productos_producto_categorias_productos_categoria_categoria~; Type: FK CONSTRAINT; Schema: public; Owner: decreto-dotnet
--

ALTER TABLE ONLY public.productos_producto_categorias
    ADD CONSTRAINT "FK_productos_producto_categorias_productos_categoria_categoria~" FOREIGN KEY (categoria_id) REFERENCES public.productos_categoria(id) ON DELETE CASCADE;


--
-- Name: productos_producto_categorias FK_productos_producto_categorias_productos_producto_producto_id; Type: FK CONSTRAINT; Schema: public; Owner: decreto-dotnet
--

ALTER TABLE ONLY public.productos_producto_categorias
    ADD CONSTRAINT "FK_productos_producto_categorias_productos_producto_producto_id" FOREIGN KEY (producto_id) REFERENCES public.productos_producto(id) ON DELETE CASCADE;


--
-- Name: productos_solicitudcurso FK_productos_solicitudcurso_productos_curso_curso_id; Type: FK CONSTRAINT; Schema: public; Owner: decreto-dotnet
--

ALTER TABLE ONLY public.productos_solicitudcurso
    ADD CONSTRAINT "FK_productos_solicitudcurso_productos_curso_curso_id" FOREIGN KEY (curso_id) REFERENCES public.productos_curso(id) ON DELETE CASCADE;


--
-- Name: productos_solicitudcurso FK_productos_solicitudcurso_productos_persona_persona_id; Type: FK CONSTRAINT; Schema: public; Owner: decreto-dotnet
--

ALTER TABLE ONLY public.productos_solicitudcurso
    ADD CONSTRAINT "FK_productos_solicitudcurso_productos_persona_persona_id" FOREIGN KEY (persona_id) REFERENCES public.productos_persona(id) ON DELETE CASCADE;


--
-- Name: productos_solicitudproducto FK_productos_solicitudproducto_productos_persona_persona_id; Type: FK CONSTRAINT; Schema: public; Owner: decreto-dotnet
--

ALTER TABLE ONLY public.productos_solicitudproducto
    ADD CONSTRAINT "FK_productos_solicitudproducto_productos_persona_persona_id" FOREIGN KEY (persona_id) REFERENCES public.productos_persona(id) ON DELETE CASCADE;


--
-- Name: productos_solicitudproducto FK_productos_solicitudproducto_productos_producto_producto_id; Type: FK CONSTRAINT; Schema: public; Owner: decreto-dotnet
--

ALTER TABLE ONLY public.productos_solicitudproducto
    ADD CONSTRAINT "FK_productos_solicitudproducto_productos_producto_producto_id" FOREIGN KEY (producto_id) REFERENCES public.productos_producto(id) ON DELETE CASCADE;


--
-- PostgreSQL database dump complete
--

